Stock Name,CMP,MintingM Score,RS (1-100),SMA 200,SuperTrend,1 Day Return (%),1 Week Return (%),1M Return (%),3M Return (%),6M Return (%),9M Return (%),12M Return (%),Sharpe,Signal,Qtr Profit Var %,QoQ profits %,QoQ sales %,OPM,Last updated,TradingView Link
STLTECH,1001.25,100.0,100.0,412.96,841.54,4.8,19.6,33.7,89.58,353.96,880.85,738.22,3.32,HOLD,592.5,233.9,32.55,15.71,2026-10-05 17:17,https://in.tradingview.com/chart/?symbol=NSE:STLTECH
SHILPAMED,1031.2,99.8,99.73,532.17,937.33,-3.09,1.75,6.95,73.32,146.26,225.5,180.51,2.9,BUY,115.19,-6.41,6.59,21.7,2026-10-05 17:17,https://in.tradingview.com/chart/?symbol=NSE:SHILPAMED
HFCL,250.27,99.66,99.87,144.05,211.88,5.0,18.46,8.24,16.65,214.66,272.77,236.43,1.45,HOLD,380.73,28.07,4.98,18.95,2026-10-05 17:17,https://in.tradingview.com/chart/?symbol=NSE:HFCL
CYIENTDLM,946.8,99.6,99.46,503.72,842.71,5.92,1.65,10.48,81.69,205.17,127.57,111.29,2.73,BUY,-47.53,-27.43,1.28,7.51,2026-10-05 17:17,https://in.tradingview.com/chart/?symbol=NSE:CYIENTDLM
WELCORP,2497.5,99.6,99.6,1384.0,2450.77,-4.16,-11.82,-3.59,63.32,163.86,212.17,187.46,1.9,HOLD,49.86,182.56,-5.37,13.91,2026-10-05 17:17,https://in.tradingview.com/chart/?symbol=NSE:WELCORP
DIACABS,350.8,99.19,99.19,210.82,337.19,1.68,-1.04,5.73,51.64,164.12,145.09,144.56,1.09,HOLD,256.25,-3.58,-0.86,9.46,2026-10-05 17:17,https://in.tradingview.com/chart/?symbol=NSE:DIACABS
UNIMECH,1845.1,98.99,98.65,1104.96,1579.39,4.07,10.81,22.79,58.53,137.14,102.52,90.96,2.84,HOLD,45.7,6.75,31.56,29.08,2026-10-05 17:17,https://in.tradingview.com/chart/?symbol=NSE:UNIMECH
SKYGOLD,825.9,98.93,99.06,511.81,848.39,1.88,4.08,5.69,41.06,117.51,145.99,177.75,1.33,SELL,140.67,24.47,5.3,7.56,2026-10-05 17:17,https://in.tradingview.com/chart/?symbol=NSE:SKYGOLD
SANSERA,4291.3,98.72,98.92,2791.04,4182.07,0.34,-7.96,13.56,38.72,90.77,122.23,195.56,1.57,HOLD,104.83,76.7,10.03,13.76,2026-10-05 17:17,https://in.tradingview.com/chart/?symbol=NSE:SANSERA
EMIL,205.1,98.59,98.12,125.14,180.4,0.51,2.44,18.05,57.71,104.0,98.93,45.76,2.39,HOLD,458.07,203.61,26.43,8.16,2026-10-05 17:17,https://in.tradingview.com/chart/?symbol=NSE:EMIL
AVALON,2256.3,98.58,98.52,1442.44,2115.7,-1.05,-3.1,2.72,38.32,115.59,148.3,80.1,0.98,HOLD,145.31,-15.27,0.94,10.19,2026-10-05 17:17,https://in.tradingview.com/chart/?symbol=NSE:AVALON
TDPOWERSYS,812.9,98.32,98.79,546.53,715.28,2.62,8.16,9.84,50.68,85.46,134.39,157.59,1.86,BUY,62.75,19.53,8.63,17.88,2026-10-05 17:17,https://in.tradingview.com/chart/?symbol=NSE:TDPOWERSYS
SYRMA,1700.4,98.32,98.38,1113.76,1569.1,-1.02,-1.86,16.68,24.59,100.87,126.88,99.79,1.53,HOLD,101.19,-1.11,8.44,8.76,2026-10-05 17:17,https://in.tradingview.com/chart/?symbol=NSE:SYRMA
WELSPUNLIV,230.27,98.12,97.85,150.36,212.89,-3.72,2.49,10.44,41.42,89.14,74.92,99.38,2.22,HOLD,83.59,55.0,14.78,31.67,2026-10-05 17:17,https://in.tradingview.com/chart/?symbol=NSE:WELSPUNLIV
MTARTECH,7654.0,97.92,99.33,5455.89,6900.88,-1.83,10.93,6.88,12.12,84.06,209.39,289.28,0.92,BUY,266.03,13.42,17.5,21.18,2026-10-05 17:17,https://in.tradingview.com/chart/?symbol=NSE:MTARTECH
FINCABLES,1467.3,97.51,97.58,1004.12,1316.17,0.58,0.44,20.25,43.62,75.2,88.98,80.48,2.27,HOLD,53.14,10.97,3.18,11.06,2026-10-05 17:17,https://in.tradingview.com/chart/?symbol=NSE:FINCABLES
APARINDS,18102.0,97.51,98.25,12680.87,16760.66,2.57,1.83,4.27,35.12,68.71,122.27,112.94,1.24,HOLD,0.0,0.0,0.0,0.0,2026-10-05 17:17,https://in.tradingview.com/chart/?symbol=NSE:APARINDS
OPTIEMUS,786.2,97.44,95.96,480.46,707.96,-2.18,3.65,38.1,46.05,116.58,55.05,21.36,2.95,HOLD,45.76,-5.76,82.07,2.69,2026-10-05 17:17,https://in.tradingview.com/chart/?symbol=NSE:OPTIEMUS
REDINGTON,412.75,97.44,96.77,273.65,370.22,3.72,1.35,11.16,53.67,93.32,51.49,53.53,2.12,HOLD,0.0,0.0,0.0,0.0,2026-10-05 17:17,https://in.tradingview.com/chart/?symbol=NSE:REDINGTON
LLOYDSENGG,102.2,97.44,96.9,67.9,88.99,3.96,3.69,21.36,25.39,109.7,80.58,67.84,1.76,HOLD,0.0,0.0,0.0,0.0,2026-10-05 17:17,https://in.tradingview.com/chart/?symbol=NSE:LLOYDSENGG
